tipoEnvio,distanciaKm,volumenM3,ventanaHorariaHs,restricciones,saturacionRuta,prioridad
Express,768,3.42,5,Ninguna,Baja,Alta
Normal,1362,1.51,12,Fragil,Baja,Media
Normal,2365,3.48,8,Ninguna,Media,Baja
Normal,960,0.84,7,Peligroso,Baja,Alta
Normal,2382,4.08,11,Ninguna,Baja,Baja
Normal,1029,2.08,5,Peligroso,Alta,Alta
Normal,957,4.45,8,Frio,Baja,Baja
Normal,524,4.95,4,Ninguna,Media,Media
Normal,2167,3.12,6,Ninguna,Media,Baja
Normal,1112,1.76,10,Fragil,Media,Media
Normal,780,0.31,6,Peligroso,Media,Alta
Normal,1334,0.39,5,Fragil,Baja,Media
Normal,1623,2.86,6,Peligroso,Media,Alta
Normal,97,2.06,3,Fragil,Media,Alta
Express,542,0.46,10,Ninguna,Baja,Alta
Normal,1240,0.79,9,Ninguna,Baja,Baja
Normal,943,4.06,6,Ninguna,Baja,Baja
Normal,788,1.56,9,Frio,Baja,Media
Express,448,4.74,8,Peligroso,Media,Alta
Normal,1665,0.24,3,Peligroso,Media,Alta
Normal,1742,0.96,12,Ninguna,Baja,Media
Normal,1677,4.17,11,Fragil,Media,Baja
Express,415,1.5,10,Ninguna,Media,Alta
Normal,2106,4.97,7,Ninguna,Baja,Baja
Normal,2365,4.86,2,Ninguna,Media,Media
Normal,987,2.64,12,Ninguna,Media,Baja
Express,1799,2.32,3,Ninguna,Baja,Alta
Normal,1935,3.08,10,Ninguna,Baja,Baja
Normal,253,0.57,5,Ninguna,Alta,Media
Normal,55,4.27,4,Frio,Baja,Media
Normal,106,4.1,11,Fragil,Media,Baja
Express,1992,0.16,8,Ninguna,Media,Alta
Express,2217,4.54,12,Fragil,Baja,Alta
Normal,384,0.2,10,Ninguna,Media,Baja
Normal,654,3.14,7,Peligroso,Media,Alta
Express,2042,3.93,10,Fragil,Baja,Alta
Normal,2329,3.24,8,Frio,Baja,Baja
Normal,398,4.39,12,Ninguna,Baja,Baja
Express,1564,2.34,12,Ninguna,Baja,Alta
Normal,2493,4.75,3,Fragil,Media,Media
Normal,1995,0.6,4,Ninguna,Media,Media
Normal,654,1.27,9,Ninguna,Alta,Media
Normal,1432,3.87,3,Frio,Baja,Media
Normal,822,2.8,2,Peligroso,Baja,Alta
Normal,1400,3.99,3,Fragil,Alta,Media
Express,1856,2.1,3,Ninguna,Baja,Alta
Normal,1784,3.24,3,Frio,Media,Media
Express,2365,2.46,8,Frio,Baja,Alta
Normal,1606,1.41,2,Frio,Media,Alta
Normal,777,3.72,9,Frio,Media,Baja
Normal,1953,0.55,12,Ninguna,Alta,Media
Express,1593,0.71,7,Frio,Baja,Alta
Normal,2496,1.11,6,Peligroso,Media,Alta
Express,1317,3.24,10,Frio,Baja,Alta
Normal,134,2.69,9,Ninguna,Baja,Baja
Normal,1262,1.83,5,Fragil,Baja,Media
Normal,1298,2.14,9,Ninguna,Media,Baja
Normal,853,1.13,11,Ninguna,Baja,Baja
Express,2066,4.2,12,Peligroso,Baja,Alta
Normal,2182,3.86,10,Ninguna,Media,Baja
Normal,469,4.37,7,Ninguna,Alta,Baja
Normal,2479,0.45,10,Ninguna,Alta,Media
Normal,2380,4.38,10,Fragil,Baja,Baja
Normal,1406,4.86,6,Ninguna,Baja,Baja
Express,360,1.2,10,Peligroso,Media,Alta
Normal,69,2.26,4,Ninguna,Baja,Media
Normal,1363,1.28,2,Peligroso,Baja,Alta
Normal,350,2.27,6,Fragil,Media,Media
Normal,1182,2.63,10,Peligroso,Baja,Alta
Normal,1491,3.4,8,Frio,Media,Baja
Normal,1559,1.33,4,Fragil,Alta,Alta
Normal,1386,0.96,2,Ninguna,Baja,Media
Normal,519,4.38,8,Ninguna,Baja,Baja
Normal,2106,4.92,2,Ninguna,Baja,Media
Normal,1849,3.97,10,Fragil,Baja,Baja
Normal,1951,3.74,12,Ninguna,Baja,Baja
Normal,1643,2.15,3,Ninguna,Baja,Media
Express,794,0.39,12,Fragil,Media,Alta
Normal,181,0.11,9,Ninguna,Baja,Baja
Normal,2405,3.9,11,Ninguna,Baja,Baja
Express,2281,3.94,6,Frio,Baja,Alta
Express,1016,3.76,5,Ninguna,Baja,Alta
Normal,297,1.74,6,Frio,Baja,Media
Normal,660,2.73,5,Peligroso,Baja,Alta
Normal,681,0.93,4,Ninguna,Alta,Media
Normal,264,2.08,4,Ninguna,Media,Media
Normal,1502,3.21,12,Fragil,Baja,Baja
Normal,1311,2.6,7,Ninguna,Media,Baja
Express,391,1.42,11,Ninguna,Baja,Alta
Normal,1696,2.95,10,Ninguna,Media,Baja
Normal,2419,4.72,5,Peligroso,Baja,Alta
Normal,2412,4.1,11,Ninguna,Baja,Baja
Normal,1599,3.56,7,Frio,Baja,Baja
Express,1699,4.3,8,Ninguna,Media,Alta
Normal,2333,4.66,9,Ninguna,Baja,Baja
Normal,1403,3.77,6,Ninguna,Baja,Baja
Express,992,1.77,3,Ninguna,Baja,Alta
Normal,1293,3.83,12,Ninguna,Media,Baja
Express,664,4.93,10,Fragil,Baja,Alta
Normal,2320,2.78,5,Ninguna,Baja,Media
Express,905,3.4,10,Frio,Alta,Alta
Normal,1406,2.51,5,Ninguna,Media,Media
Normal,2367,3.26,2,Ninguna,Baja,Media
Normal,2005,0.66,3,Ninguna,Baja,Media
Normal,707,2.06,8,Peligroso,Media,Alta
Express,2451,2.17,10,Ninguna,Media,Alta
Express,307,3.08,11,Ninguna,Media,Alta
Normal,1983,0.76,9,Ninguna,Media,Media
Normal,649,1.72,8,Fragil,Media,Media
Normal,1732,3.69,4,Ninguna,Baja,Media
Normal,901,3.34,3,Ninguna,Baja,Media
Normal,186,1.9,7,Ninguna,Alta,Media
Express,467,4.08,6,Ninguna,Media,Alta
Normal,187,1.63,3,Ninguna,Baja,Media
Express,609,3.39,9,Peligroso,Media,Alta
Normal,1317,0.4,3,Frio,Media,Alta
Normal,1381,3.73,8,Ninguna,Media,Baja
Normal,1026,0.14,7,Ninguna,Baja,Baja
Normal,1196,2.76,8,Ninguna,Baja,Baja
Normal,1801,0.91,12,Ninguna,Alta,Media
Normal,1485,1.58,12,Ninguna,Media,Baja
Express,740,1.51,4,Fragil,Baja,Alta
Normal,1580,4.41,9,Ninguna,Alta,Baja
Normal,1607,2.84,7,Ninguna,Baja,Baja
Normal,1159,2.63,4,Ninguna,Baja,Media
Express,1799,3.21,8,Ninguna,Alta,Alta
Normal,2369,0.75,4,Ninguna,Alta,Media
Express,45,2.52,8,Fragil,Media,Alta
Express,1818,2.66,8,Ninguna,Alta,Alta
Normal,958,2.36,11,Peligroso,Alta,Alta
Normal,1277,0.3,3,Frio,Media,Alta
Normal,870,0.89,6,Ninguna,Baja,Media
Express,49,1.57,12,Ninguna,Baja,Alta
Normal,660,3.75,11,Peligroso,Baja,Alta
Normal,308,4.25,5,Ninguna,Alta,Media
Express,1156,4.08,8,Frio,Media,Alta
Normal,565,3.84,6,Fragil,Media,Baja
Normal,1534,2.37,11,Peligroso,Alta,Alta
Express,1842,4.62,11,Ninguna,Media,Alta
Normal,2166,4.74,10,Frio,Alta,Baja
Normal,60,2.78,7,Ninguna,Media,Baja
Normal,541,2.85,11,Fragil,Media,Baja
Express,1027,4.49,7,Ninguna,Media,Alta
Normal,2449,3.6,7,Fragil,Media,Baja
Express,1489,4.01,5,Fragil,Baja,Alta
Normal,999,2.23,7,Ninguna,Media,Baja
Normal,2219,0.36,5,Peligroso,Baja,Alta
Normal,2230,0.72,7,Ninguna,Alta,Media
Normal,616,4.04,12,Ninguna,Alta,Baja
Normal,976,2.67,4,Frio,Alta,Media
Normal,2083,4.68,2,Ninguna,Baja,Media
Normal,219,1.1,6,Ninguna,Baja,Media
Normal,79,0.44,10,Ninguna,Alta,Media
Normal,2217,0.8,3,Ninguna,Baja,Media
Normal,221,4.84,2,Peligroso,Alta,Alta
Normal,977,4.42,6,Ninguna,Baja,Baja
Normal,1248,1.02,5,Ninguna,Baja,Media
Normal,868,2.69,4,Frio,Media,Media
Express,943,1.42,9,Frio,Media,Alta
Express,459,2.85,5,Fragil,Media,Alta
Normal,1844,3.05,7,Fragil,Media,Baja
Normal,1691,4.64,2,Ninguna,Baja,Media
Express,1117,2.01,7,Ninguna,Baja,Alta
Normal,1214,2.99,4,Ninguna,Media,Media
Normal,1901,3.05,11,Fragil,Baja,Baja
Normal,1611,3.02,12,Ninguna,Baja,Baja
Normal,843,1.59,12,Fragil,Baja,Media
Normal,1198,0.15,3,Ninguna,Baja,Media
Normal,456,0.88,7,Ninguna,Baja,Baja
Normal,2356,1.97,10,Ninguna,Media,Media
Normal,326,1.58,2,Ninguna,Baja,Media
Normal,660,2.16,10,Frio,Media,Media
Normal,1122,3.85,5,Fragil,Baja,Media
Normal,152,2.81,3,Ninguna,Media,Media
Normal,1560,4.74,3,Ninguna,Baja,Media
Normal,1380,2.95,8,Ninguna,Baja,Baja
Express,334,1.89,7,Frio,Baja,Alta
Normal,829,4.2,12,Ninguna,Media,Baja
Normal,2263,1.85,12,Ninguna,Baja,Media
Normal,2342,4.13,2,Frio,Baja,Media
Normal,1928,2.17,12,Ninguna,Baja,Media
Normal,1751,4.97,3,Peligroso,Baja,Alta
Normal,819,4.27,8,Ninguna,Media,Baja
Normal,2247,1.45,10,Frio,Media,Media
Normal,123,3.21,6,Peligroso,Media,Alta
Normal,2119,4.12,10,Ninguna,Baja,Baja
Normal,2013,2.89,9,Ninguna,Baja,Baja
Normal,2042,0.97,8,Ninguna,Media,Media
Normal,1051,1.67,4,Ninguna,Baja,Media
Normal,859,1.24,6,Peligroso,Baja,Alta
Normal,1530,2.53,12,Fragil,Baja,Baja
Express,970,1.67,6,Frio,Baja,Alta
Normal,1237,2.83,4,Frio,Media,Media
Normal,551,3.97,10,Ninguna,Media,Baja
Normal,1703,3.55,9,Ninguna,Baja,Baja
Normal,549,1.74,6,Ninguna,Media,Media
Normal,1782,1.37,9,Ninguna,Baja,Media
Express,2374,1.83,12,Fragil,Baja,Alta
Express,231,1.71,5,Peligroso,Media,Alta
Normal,844,1.2,12,Fragil,Baja,Media
Normal,1908,4.04,6,Ninguna,Baja,Baja
Express,392,0.36,6,Ninguna,Media,Alta
Normal,1472,4.98,2,Ninguna,Baja,Media
Express,841,0.74,4,Ninguna,Media,Alta
Normal,1027,1.15,2,Ninguna,Media,Media
Normal,876,2.76,9,Ninguna,Baja,Baja
Normal,1391,2.67,9,Ninguna,Baja,Baja
Normal,87,0.43,6,Ninguna,Baja,Media
Normal,1107,0.83,5,Frio,Alta,Alta
Normal,2138,4.09,6,Peligroso,Media,Alta
Normal,1708,5.0,11,Frio,Alta,Baja
Express,308,1.71,2,Ninguna,Media,Alta
Express,2416,3.8,7,Ninguna,Baja,Alta
Normal,1827,4.89,9,Ninguna,Media,Baja
Normal,1117,0.89,10,Peligroso,Baja,Alta
Normal,296,2.28,4,Fragil,Media,Media
Normal,1537,4.89,8,Peligroso,Baja,Alta
Normal,1667,2.58,4,Peligroso,Baja,Alta
Express,599,1.42,9,Ninguna,Alta,Alta
Normal,1847,3.36,4,Ninguna,Baja,Media
Express,1021,0.49,3,Ninguna,Media,Alta
Normal,2341,0.91,12,Ninguna,Baja,Media
Normal,1237,1.7,2,Ninguna,Baja,Media
Normal,1980,2.54,3,Peligroso,Baja,Alta
Normal,592,2.42,6,Ninguna,Media,Media
Normal,2397,2.98,10,Fragil,Baja,Baja
Express,991,0.29,8,Fragil,Media,Alta
Express,728,1.67,3,Ninguna,Baja,Alta
Normal,447,0.5,8,Ninguna,Alta,Media
Express,2031,0.99,11,Ninguna,Baja,Alta
Normal,1834,2.45,7,Ninguna,Baja,Media
Normal,1913,0.89,11,Ninguna,Baja,Media
Normal,2172,1.42,8,Frio,Media,Media
Normal,943,3.84,12,Ninguna,Media,Baja
Normal,420,0.19,11,Ninguna,Media,Baja
Normal,2367,1.0,3,Fragil,Baja,Alta
Normal,836,3.94,6,Fragil,Alta,Baja
Normal,810,0.85,10,Ninguna,Alta,Media
Normal,1809,4.07,11,Fragil,Alta,Baja
Normal,609,1.82,9,Ninguna,Media,Baja
Normal,2185,2.35,5,Ninguna,Baja,Media
Normal,111,1.08,12,Peligroso,Baja,Alta
Normal,520,3.57,7,Ninguna,Baja,Baja
Normal,883,3.61,8,Peligroso,Baja,Alta
Normal,1687,4.44,12,Peligroso,Media,Alta
Normal,759,2.39,6,Fragil,Alta,Alta
Express,1490,3.85,11,Ninguna,Media,Alta
Normal,1276,4.44,5,Frio,Alta,Media
Normal,1793,4.58,11,Ninguna,Baja,Baja
Normal,382,1.31,10,Peligroso,Baja,Alta
Normal,1297,4.31,5,Ninguna,Alta,Media
Normal,2245,2.27,11,Frio,Media,Media
Normal,1255,0.33,8,Ninguna,Media,Baja
Normal,1242,0.71,12,Fragil,Baja,Media
Normal,219,0.43,3,Peligroso,Media,Alta
Normal,1343,3.77,4,Ninguna,Media,Media
Express,415,2.75,2,Peligroso,Baja,Alta
Normal,414,3.24,10,Ninguna,Baja,Baja
Normal,2395,1.27,10,Ninguna,Baja,Media
Express,1658,2.1,5,Ninguna,Media,Alta
Normal,1116,3.14,10,Ninguna,Baja,Baja
Normal,2212,4.89,4,Ninguna,Baja,Media
Express,1495,1.3,9,Peligroso,Baja,Alta
Normal,2254,4.53,2,Ninguna,Alta,Media
Normal,410,2.74,5,Ninguna,Media,Media
Normal,2407,1.08,8,Peligroso,Baja,Alta
Express,1282,0.17,2,Frio,Media,Alta
Express,1338,1.57,6,Ninguna,Media,Alta
Normal,2453,3.36,2,Ninguna,Alta,Media
Express,523,3.89,3,Ninguna,Baja,Alta
Normal,1533,0.91,5,Ninguna,Media,Media
Normal,438,0.26,10,Fragil,Alta,Alta
Normal,471,4.99,9,Peligroso,Baja,Alta
Normal,2356,1.46,5,Ninguna,Baja,Media
Normal,394,0.83,3,Fragil,Baja,Alta
Normal,2288,2.11,11,Ninguna,Alta,Media
Normal,2047,2.62,12,Ninguna,Alta,Baja
Normal,539,3.6,12,Frio,Media,Baja
Normal,367,3.89,9,Peligroso,Alta,Alta
Express,1147,0.95,8,Ninguna,Media,Alta
Normal,451,0.57,7,Ninguna,Media,Baja
Express,1087,1.05,5,Peligroso,Baja,Alta
Express,249,3.56,11,Ninguna,Baja,Alta
Normal,832,3.7,10,Ninguna,Baja,Baja
Normal,1680,4.67,12,Ninguna,Media,Baja
Express,2236,0.53,11,Peligroso,Baja,Alta
Express,1129,0.56,4,Frio,Media,Alta
Express,2214,4.54,2,Ninguna,Baja,Alta
Normal,2161,1.81,10,Fragil,Baja,Media
Normal,2434,1.16,10,Frio,Baja,Media
Normal,338,0.28,3,Frio,Baja,Alta
Express,1257,1.67,10,Peligroso,Alta,Alta
Normal,1402,2.48,7,Frio,Baja,Media
Normal,1689,3.36,3,Ninguna,Baja,Media
Normal,1356,4.07,7,Ninguna,Baja,Baja
Express,1581,3.23,4,Ninguna,Media,Alta
Express,1035,2.41,2,Ninguna,Alta,Alta
Normal,1489,2.71,8,Frio,Alta,Baja
Normal,624,1.21,2,Fragil,Media,Alta
Normal,367,4.59,4,Ninguna,Baja,Media
Normal,1071,0.84,9,Ninguna,Media,Baja
Normal,883,2.62,9,Fragil,Media,Baja
Normal,2217,0.94,2,Ninguna,Alta,Alta
Express,1673,1.03,2,Ninguna,Baja,Alta
Normal,2200,0.2,3,Ninguna,Baja,Media
Express,2494,2.03,3,Fragil,Baja,Alta
Normal,743,2.25,12,Ninguna,Alta,Media
Normal,1412,0.79,4,Peligroso,Baja,Alta
Express,238,3.07,5,Ninguna,Alta,Alta
Express,232,2.27,3,Ninguna,Baja,Alta
Normal,945,3.73,7,Ninguna,Media,Baja
Normal,1040,2.59,5,Peligroso,Baja,Alta
Normal,1680,4.99,2,Frio,Alta,Media
Express,1887,3.87,5,Ninguna,Baja,Alta
Normal,2081,4.1,9,Ninguna,Baja,Baja
Normal,983,0.3,3,Frio,Media,Alta
Normal,944,0.64,3,Ninguna,Baja,Media
Normal,171,3.77,6,Ninguna,Baja,Baja
Normal,1190,3.24,8,Ninguna,Baja,Baja
Normal,36,2.21,10,Fragil,Media,Media
Express,1158,0.2,6,Frio,Media,Alta
Normal,1139,3.46,5,Frio,Media,Media
Normal,1485,2.81,11,Ninguna,Baja,Baja
Normal,1158,4.55,10,Ninguna,Baja,Baja
Normal,558,4.81,10,Ninguna,Baja,Baja
Normal,2487,2.81,3,Frio,Media,Media
Normal,369,4.22,4,Ninguna,Media,Media
Normal,2042,2.18,10,Ninguna,Baja,Media
Normal,939,3.45,3,Ninguna,Baja,Media
Normal,2422,1.68,10,Frio,Baja,Media
Normal,1919,1.98,7,Fragil,Media,Media
Normal,243,0.51,6,Ninguna,Baja,Media
Normal,1450,2.65,5,Peligroso,Baja,Alta
Normal,371,2.83,4,Ninguna,Baja,Media
Express,185,2.94,8,Ninguna,Baja,Alta
Normal,1539,0.78,12,Peligroso,Alta,Alta
Normal,1171,0.32,5,Frio,Media,Media
Normal,2324,2.55,8,Peligroso,Alta,Alta
Normal,2059,1.46,4,Peligroso,Baja,Alta
Normal,267,1.08,12,Fragil,Media,Media
Express,2445,4.82,4,Frio,Baja,Alta
Express,505,3.66,6,Frio,Baja,Alta
Normal,444,2.7,8,Frio,Alta,Baja
Normal,1262,2.88,6,Fragil,Baja,Baja
Normal,2195,4.22,4,Fragil,Media,Media
Express,2287,2.7,8,Frio,Baja,Alta
Normal,63,0.19,10,Ninguna,Baja,Baja
Normal,2190,0.26,5,Fragil,Baja,Media
Normal,647,1.77,10,Ninguna,Baja,Baja
Normal,1962,2.71,5,Ninguna,Alta,Media
Normal,395,3.01,8,Frio,Media,Baja
Normal,1088,3.35,6,Ninguna,Alta,Baja
Normal,339,3.6,8,Ninguna,Baja,Baja
Express,324,1.8,2,Ninguna,Media,Alta
Normal,798,0.5,8,Frio,Baja,Media
Express,2152,2.5,10,Frio,Alta,Alta
Normal,73,4.9,4,Frio,Baja,Media
Normal,1157,4.95,6,Ninguna,Baja,Baja
Normal,2226,2.64,12,Fragil,Baja,Baja
Normal,2180,3.34,5,Fragil,Media,Media
Normal,602,5.0,6,Fragil,Baja,Baja
Normal,1094,0.64,11,Frio,Baja,Media
Normal,2476,3.04,4,Peligroso,Baja,Alta
Normal,140,1.16,6,Ninguna,Baja,Media
Normal,829,4.76,9,Peligroso,Baja,Alta
Normal,244,2.93,12,Ninguna,Media,Baja
Normal,1546,3.54,9,Ninguna,Alta,Baja
Express,2225,1.21,6,Fragil,Alta,Alta
Normal,80,3.79,6,Ninguna,Baja,Baja
Normal,1787,1.09,5,Fragil,Media,Media
Normal,1261,1.23,10,Ninguna,Media,Baja
Normal,2426,1.22,12,Peligroso,Media,Alta
Normal,1724,1.89,3,Ninguna,Baja,Media
Normal,1250,1.37,5,Fragil,Baja,Media
Express,245,3.08,10,Fragil,Alta,Alta
Normal,1443,4.5,7,Peligroso,Baja,Alta
Normal,2343,3.12,8,Ninguna,Baja,Baja
Normal,2298,2.64,2,Fragil,Baja,Media
Normal,779,1.38,7,Ninguna,Baja,Baja
Normal,1329,4.01,7,Ninguna,Baja,Baja
Normal,2345,3.51,11,Frio,Baja,Baja
Normal,344,1.58,6,Ninguna,Alta,Media
Normal,726,3.33,2,Ninguna,Baja,Media
Express,2440,4.7,7,Peligroso,Media,Alta
Normal,1466,4.56,12,Ninguna,Baja,Baja
Express,384,1.73,10,Ninguna,Media,Alta
Normal,1829,0.91,8,Frio,Baja,Media
Normal,276,2.59,12,Ninguna,Media,Baja
Normal,1358,0.84,9,Fragil,Baja,Media
Normal,749,1.03,8,Frio,Baja,Media
Normal,924,2.62,11,Ninguna,Baja,Baja
Normal,214,2.89,12,Peligroso,Alta,Alta
Normal,147,1.84,3,Fragil,Baja,Alta
Express,2075,4.98,6,Frio,Baja,Alta
Normal,1830,3.17,5,Ninguna,Baja,Media
Normal,2149,4.17,3,Ninguna,Baja,Media
Normal,528,4.87,7,Frio,Baja,Baja
Express,2060,3.19,11,Frio,Baja,Alta
Normal,857,1.2,9,Ninguna,Media,Baja
Normal,261,0.97,8,Peligroso,Media,Alta
Normal,1226,2.09,7,Ninguna,Alta,Media
Normal,1766,2.38,4,Ninguna,Baja,Media
Normal,505,2.8,2,Ninguna,Media,Media
Normal,878,1.07,7,Ninguna,Media,Baja
Normal,796,2.59,3,Frio,Media,Media
Express,996,0.61,2,Fragil,Baja,Alta
Normal,2330,0.1,8,Ninguna,Baja,Media
Normal,1944,0.3,10,Ninguna,Alta,Media
Express,11,4.77,4,Fragil,Baja,Alta
Normal,32,1.75,7,Fragil,Media,Media
Normal,1977,4.05,7,Ninguna,Alta,Baja
Express,473,0.21,8,Peligroso,Alta,Alta
Express,508,0.9,10,Fragil,Media,Alta
Express,1970,0.63,12,Ninguna,Media,Alta
Normal,440,0.35,11,Ninguna,Baja,Baja
Express,514,2.3,11,Ninguna,Alta,Alta
Normal,371,3.05,4,Ninguna,Baja,Media
Normal,2345,0.16,9,Ninguna,Baja,Media
Normal,1398,1.36,12,Peligroso,Baja,Alta
Normal,1706,0.66,8,Frio,Media,Media
Express,744,2.77,4,Ninguna,Baja,Alta
Express,474,4.31,11,Ninguna,Media,Alta
Normal,1173,0.42,4,Fragil,Media,Media
Normal,740,0.66,5,Fragil,Alta,Alta
Normal,2159,3.77,8,Ninguna,Media,Baja
Normal,1083,4.36,7,Fragil,Baja,Baja
Normal,2071,0.42,4,Ninguna,Baja,Media
Normal,839,4.12,2,Fragil,Baja,Media
Normal,705,3.13,6,Ninguna,Media,Baja
Normal,2125,1.0,11,Ninguna,Media,Media
Normal,227,2.06,3,Ninguna,Media,Media
Normal,838,1.16,2,Ninguna,Media,Media
Express,2020,4.45,8,Frio,Baja,Alta
Express,842,0.98,12,Ninguna,Alta,Alta
Normal,1819,2.6,8,Peligroso,Baja,Alta
Normal,125,4.84,5,Ninguna,Media,Media
Normal,602,4.28,2,Ninguna,Media,Media
Normal,2308,0.77,7,Ninguna,Baja,Media
Normal,2419,1.41,5,Fragil,Media,Media
Normal,667,4.58,8,Ninguna,Media,Baja
Express,45,3.77,12,Peligroso,Baja,Alta
Normal,980,2.07,8,Ninguna,Media,Baja
Normal,1169,2.18,2,Ninguna,Baja,Media
Express,1300,3.46,9,Peligroso,Alta,Alta
Express,1593,0.23,6,Ninguna,Media,Alta
Normal,2396,2.61,12,Ninguna,Alta,Baja
Normal,839,0.13,5,Ninguna,Media,Media
Normal,1933,2.5,12,Peligroso,Baja,Alta
Normal,43,3.53,8,Ninguna,Media,Baja
Express,1538,3.33,2,Fragil,Media,Alta
Normal,784,4.44,4,Frio,Media,Media
Normal,1222,1.02,9,Frio,Media,Media
Express,125,2.61,9,Peligroso,Baja,Alta
Normal,1253,4.06,5,Ninguna,Baja,Media
Express,774,2.02,2,Ninguna,Baja,Alta
Normal,432,3.48,8,Ninguna,Media,Baja
Normal,388,1.66,5,Frio,Media,Media
Normal,263,4.5,9,Ninguna,Baja,Baja
Express,2192,1.94,7,Ninguna,Alta,Alta
Express,2291,1.72,3,Ninguna,Alta,Alta
Normal,2211,3.18,5,Peligroso,Baja,Alta
Normal,538,4.53,2,Ninguna,Media,Media
Normal,766,3.82,5,Ninguna,Baja,Media
Express,1988,3.02,9,Frio,Baja,Alta
Normal,1558,3.11,10,Frio,Baja,Baja
Normal,2427,3.17,10,Frio,Baja,Baja
Normal,533,1.3,11,Peligroso,Media,Alta
Normal,1942,1.32,12,Ninguna,Baja,Media
Normal,1266,0.77,4,Ninguna,Baja,Media
Normal,2279,1.82,5,Ninguna,Baja,Media
Express,1816,2.89,10,Ninguna,Media,Alta
Express,2033,2.29,5,Fragil,Alta,Alta
Normal,2154,3.46,10,Ninguna,Media,Baja
Normal,2476,4.95,3,Ninguna,Baja,Media
Normal,1090,4.6,4,Fragil,Baja,Media
Normal,745,3.62,5,Ninguna,Alta,Media
Normal,1436,0.88,11,Ninguna,Media,Baja
Express,1941,2.63,12,Fragil,Baja,Alta
Express,998,4.0,4,Ninguna,Baja,Alta
Normal,537,2.32,3,Frio,Baja,Alta
Express,2105,3.67,3,Peligroso,Media,Alta
Normal,126,2.22,10,Ninguna,Baja,Baja
Express,1375,3.96,2,Frio,Media,Alta
Normal,1171,2.12,8,Peligroso,Alta,Alta
Normal,2267,3.83,2,Frio,Media,Media
Normal,107,1.76,5,Ninguna,Media,Media
Normal,1313,4.17,7,Peligroso,Baja,Alta
Normal,745,0.39,6,Ninguna,Baja,Media
Normal,2047,4.39,6,Frio,Alta,Baja
Express,599,4.6,9,Frio,Baja,Alta
Express,2086,3.35,6,Ninguna,Media,Alta
Normal,2116,2.31,7,Peligroso,Baja,Alta
Normal,1761,1.74,10,Ninguna,Baja,Media
Normal,481,3.99,8,Frio,Media,Baja
Express,1389,1.97,2,Ninguna,Media,Alta
Normal,905,2.64,9,Ninguna,Media,Baja
Normal,1015,0.97,6,Peligroso,Baja,Alta
Normal,614,4.49,10,Ninguna,Baja,Baja
Normal,195,1.82,3,Ninguna,Media,Media
Normal,664,0.27,12,Ninguna,Baja,Baja
Normal,1926,3.39,11,Fragil,Media,Baja
Normal,2238,2.85,6,Peligroso,Alta,Alta
Normal,1204,0.27,12,Frio,Media,Media
Normal,1247,2.24,5,Frio,Media,Media
Normal,472,1.75,2,Peligroso,Baja,Alta
Normal,1370,3.97,5,Peligroso,Media,Alta
Normal,1186,2.61,7,Frio,Media,Baja
Normal,1065,0.71,5,Peligroso,Alta,Alta
Express,2053,2.31,10,Ninguna,Media,Alta
Normal,2059,3.06,5,Ninguna,Media,Media
Normal,783,4.07,10,Ninguna,Baja,Baja
Normal,648,0.48,7,Peligroso,Baja,Alta
Express,2099,2.16,2,Peligroso,Media,Alta
Normal,1250,3.1,10,Frio,Baja,Baja
Normal,1475,0.37,12,Ninguna,Baja,Baja
Normal,250,0.18,3,Peligroso,Baja,Alta
Normal,2393,2.96,4,Ninguna,Alta,Media
Normal,1316,1.03,10,Ninguna,Baja,Baja
Normal,1929,1.29,5,Ninguna,Media,Media
Normal,1338,4.05,9,Ninguna,Baja,Baja
Normal,1042,1.01,12,Ninguna,Baja,Baja
Normal,564,3.19,7,Ninguna,Baja,Baja
Normal,215,2.46,6,Fragil,Media,Media
Express,1790,2.49,10,Ninguna,Media,Alta
Normal,223,3.82,2,Ninguna,Media,Media
Normal,1935,2.39,11,Ninguna,Alta,Media
Normal,1436,4.79,7,Ninguna,Baja,Baja
Normal,120,1.59,4,Frio,Baja,Media
Express,2459,0.49,11,Fragil,Media,Alta
Express,459,3.88,2,Ninguna,Alta,Alta
Normal,725,1.18,3,Ninguna,Media,Media
Normal,648,3.48,4,Fragil,Baja,Media
Normal,1091,2.6,5,Ninguna,Baja,Media
Express,1189,0.27,3,Ninguna,Media,Alta
Express,2449,3.57,11,Ninguna,Baja,Alta
Normal,1809,0.77,4,Peligroso,Alta,Alta
Normal,1142,0.41,2,Ninguna,Alta,Alta
Express,1773,1.16,8,Peligroso,Alta,Alta
Normal,247,4.6,3,Fragil,Baja,Media
Normal,613,2.68,11,Peligroso,Baja,Alta
Normal,1922,3.36,7,Ninguna,Alta,Baja
Normal,989,1.9,2,Ninguna,Baja,Media
Normal,1644,2.75,3,Ninguna,Baja,Media
Normal,279,1.92,3,Ninguna,Baja,Media
Normal,1675,3.85,11,Ninguna,Media,Baja
Normal,2024,1.18,10,Peligroso,Baja,Alta
Normal,13,2.79,2,Ninguna,Alta,Media
Normal,1452,4.55,11,Ninguna,Media,Baja
Normal,1222,0.88,9,Ninguna,Media,Baja
Normal,2156,1.24,7,Ninguna,Baja,Media
Normal,2150,0.62,12,Ninguna,Baja,Media
Normal,2041,2.31,12,Ninguna,Media,Media
Normal,171,3.35,11,Frio,Media,Baja
Normal,1072,0.76,5,Fragil,Media,Media
Normal,1921,3.05,12,Frio,Baja,Baja
Normal,73,2.52,9,Frio,Media,Baja
Normal,235,1.45,5,Peligroso,Media,Alta
Express,284,0.45,10,Fragil,Media,Alta
Normal,219,2.67,4,Ninguna,Media,Media
Normal,832,0.81,2,Frio,Baja,Alta
Normal,775,3.99,12,Frio,Baja,Baja
Normal,1884,1.66,7,Frio,Media,Media
Normal,1129,2.12,8,Ninguna,Media,Baja
Normal,1413,3.63,4,Fragil,Media,Media
Normal,2145,1.84,7,Ninguna,Baja,Media
Express,642,2.19,9,Frio,Alta,Alta
Express,347,4.43,9,Ninguna,Baja,Alta
Normal,1589,4.21,3,Peligroso,Baja,Alta
Normal,1230,1.9,4,Ninguna,Baja,Media
Normal,998,3.12,12,Frio,Media,Baja
Normal,1831,1.37,5,Ninguna,Baja,Media
Normal,1250,0.7,5,Peligroso,Media,Alta
Normal,1282,1.53,2,Frio,Alta,Alta
Normal,1224,4.3,10,Fragil,Alta,Baja
Normal,327,0.21,8,Ninguna,Media,Baja
Normal,14,4.15,11,Peligroso,Baja,Alta
Express,2140,1.35,2,Ninguna,Baja,Alta
Normal,1288,2.87,9,Ninguna,Alta,Baja
Normal,1183,3.73,10,Ninguna,Media,Baja
Normal,380,1.21,2,Ninguna,Media,Media
Express,1128,3.2,4,Peligroso,Media,Alta
Normal,538,0.76,4,Ninguna,Media,Media
Normal,182,4.55,10,Fragil,Media,Baja
Normal,1049,1.86,11,Peligroso,Baja,Alta
Express,403,0.41,5,Ninguna,Alta,Alta
Express,1294,4.82,7,Peligroso,Baja,Alta
Normal,1546,1.17,8,Peligroso,Media,Alta
Normal,324,2.1,10,Ninguna,Media,Baja
Normal,403,1.26,5,Frio,Media,Media
Normal,927,3.05,12,Ninguna,Baja,Baja
Normal,2363,2.93,7,Peligroso,Baja,Alta
Normal,242,0.69,2,Ninguna,Alta,Alta
Normal,418,1.92,11,Ninguna,Baja,Baja
Normal,2386,2.59,12,Peligroso,Alta,Alta
Express,134,2.62,8,Fragil,Alta,Alta
Normal,2096,3.87,8,Ninguna,Alta,Baja
Normal,1550,2.66,6,Ninguna,Baja,Baja
Normal,1018,1.76,6,Ninguna,Baja,Media
Normal,2499,1.75,10,Ninguna,Baja,Media
Normal,359,3.71,6,Ninguna,Baja,Baja
Normal,887,3.24,6,Peligroso,Media,Alta
Normal,2174,3.35,2,Ninguna,Media,Media
Normal,1871,4.26,3,Ninguna,Baja,Media
Express,1433,1.14,3,Frio,Baja,Alta
Normal,1965,1.71,7,Ninguna,Baja,Media
Normal,1498,3.35,4,Frio,Alta,Media
Normal,2310,4.61,11,Frio,Baja,Baja
Normal,1555,3.82,5,Frio,Media,Media
Normal,1026,4.7,12,Ninguna,Baja,Baja
Normal,615,2.74,12,Fragil,Media,Baja
Normal,202,1.86,9,Frio,Baja,Media
Normal,1968,3.53,2,Ninguna,Media,Media
Normal,922,1.46,5,Fragil,Baja,Media
Normal,2431,0.87,9,Ninguna,Media,Media
Normal,587,2.97,11,Ninguna,Alta,Baja
Express,1030,1.47,8,Frio,Media,Alta
Normal,1415,3.36,7,Ninguna,Baja,Baja
Express,918,4.28,3,Frio,Baja,Alta
Normal,847,4.78,4,Ninguna,Media,Media
Normal,1364,2.2,6,Ninguna,Baja,Media
Express,2224,2.73,12,Ninguna,Media,Alta
Express,506,1.28,10,Peligroso,Baja,Alta
Normal,708,2.71,4,Ninguna,Baja,Media
Normal,272,2.62,3,Fragil,Media,Media
Normal,613,1.92,11,Frio,Baja,Media
Normal,1597,3.25,7,Frio,Alta,Baja
Normal,1757,0.24,9,Ninguna,Media,Media
Express,1816,4.1,8,Ninguna,Baja,Alta
Express,617,2.96,6,Fragil,Media,Alta
Normal,941,0.33,3,Ninguna,Media,Media
Normal,512,4.54,7,Ninguna,Alta,Baja
Normal,452,1.3,6,Ninguna,Media,Media
Normal,1163,2.96,8,Ninguna,Baja,Baja
Normal,1658,4.05,5,Peligroso,Baja,Alta
Normal,594,4.03,8,Fragil,Media,Baja
Normal,1305,0.78,5,Peligroso,Baja,Alta
Normal,2369,3.25,9,Fragil,Alta,Baja
Normal,112,3.21,11,Peligroso,Alta,Alta
Normal,1986,4.01,10,Fragil,Baja,Baja
Express,192,3.42,2,Peligroso,Alta,Alta
Normal,2399,0.98,2,Frio,Media,Alta
Normal,520,1.38,3,Ninguna,Media,Media
Normal,1048,2.27,4,Ninguna,Media,Media
Express,1883,3.07,9,Ninguna,Media,Alta
Normal,532,0.23,6,Ninguna,Baja,Media
Normal,2018,3.98,8,Frio,Media,Baja
Normal,1703,0.66,3,Peligroso,Media,Alta
Express,1167,1.89,11,Peligroso,Media,Alta
Normal,413,2.91,12,Ninguna,Baja,Baja
Normal,1622,4.03,7,Frio,Baja,Baja
Normal,292,0.18,6,Peligroso,Media,Alta
Normal,469,3.06,9,Peligroso,Baja,Alta
Normal,1133,1.44,2,Ninguna,Alta,Alta
Normal,230,1.93,10,Frio,Baja,Media
Normal,244,2.83,10,Ninguna,Baja,Baja
Normal,442,1.08,11,Ninguna,Baja,Baja
Express,1631,1.7,7,Frio,Media,Alta
Normal,641,0.82,10,Ninguna,Baja,Baja
Express,1369,1.26,12,Ninguna,Alta,Alta
Express,2150,0.74,4,Peligroso,Baja,Alta
Normal,528,0.12,10,Ninguna,Baja,Baja
Normal,1178,4.09,3,Frio,Baja,Media
Normal,365,2.17,11,Ninguna,Alta,Media
Normal,1315,4.29,12,Fragil,Media,Baja
Express,463,3.28,10,Ninguna,Baja,Alta
Normal,1796,1.68,5,Ninguna,Baja,Media
Normal,1328,4.27,4,Ninguna,Baja,Media
Normal,945,0.79,6,Ninguna,Alta,Media
Normal,1437,4.61,6,Ninguna,Baja,Baja
Normal,487,3.91,4,Frio,Baja,Media
Normal,377,4.83,4,Peligroso,Media,Alta
Normal,2057,4.79,10,Ninguna,Media,Baja
Normal,93,1.8,4,Ninguna,Baja,Media
Normal,2375,2.41,7,Peligroso,Alta,Alta
Normal,1683,0.45,4,Ninguna,Baja,Media
Normal,2442,4.95,3,Peligroso,Baja,Alta
Normal,6,2.92,6,Frio,Alta,Baja
Normal,1960,0.68,4,Ninguna,Baja,Media
Normal,1758,4.09,4,Ninguna,Alta,Media
Normal,911,4.32,4,Peligroso,Baja,Alta
Express,1704,4.27,12,Ninguna,Media,Alta
Normal,1837,3.41,3,Frio,Media,Media
Normal,597,0.73,12,Ninguna,Baja,Baja
Normal,445,2.3,7,Frio,Baja,Media
Express,511,4.6,4,Ninguna,Baja,Alta
Normal,1685,0.23,4,Ninguna,Baja,Media
Normal,551,2.85,12,Ninguna,Alta,Baja
Normal,1534,4.92,7,Ninguna,Baja,Baja
Normal,1589,4.42,4,Fragil,Media,Media
Normal,2227,3.42,5,Ninguna,Baja,Media
Express,690,2.34,7,Ninguna,Media,Alta
Normal,1374,3.09,2,Frio,Baja,Media
Normal,1054,1.52,6,Ninguna,Media,Media
Normal,937,2.68,3,Ninguna,Baja,Media
Normal,1613,1.89,10,Peligroso,Alta,Alta
Normal,1837,1.99,7,Fragil,Media,Media
Normal,2372,2.13,7,Ninguna,Media,Media
Normal,900,3.38,11,Frio,Baja,Baja
Normal,1675,4.77,3,Fragil,Baja,Media
Normal,841,2.39,10,Ninguna,Alta,Media
Normal,1316,0.71,8,Ninguna,Baja,Baja
Normal,1692,2.28,3,Ninguna,Baja,Media
Express,825,4.65,3,Ninguna,Media,Alta
Normal,620,1.45,2,Peligroso,Baja,Alta
Normal,1737,1.54,3,Fragil,Media,Alta
Normal,1358,1.39,8,Peligroso,Alta,Alta
Express,2430,1.86,2,Ninguna,Media,Alta
Normal,380,4.75,8,Frio,Baja,Baja
Normal,496,3.1,12,Frio,Baja,Baja
Normal,203,1.51,12,Ninguna,Media,Baja
Normal,482,0.7,3,Frio,Baja,Alta
Normal,2180,1.64,9,Ninguna,Baja,Media
Normal,1331,1.85,12,Ninguna,Baja,Baja
Express,1683,0.22,3,Fragil,Media,Alta
Normal,2148,0.87,3,Ninguna,Baja,Media
Normal,2199,2.68,12,Ninguna,Media,Baja
Normal,741,3.45,7,Peligroso,Baja,Alta
Normal,926,0.24,9,Fragil,Media,Media
Normal,1508,2.31,5,Peligroso,Media,Alta
Express,2253,1.31,7,Fragil,Media,Alta
Express,1368,1.32,8,Ninguna,Baja,Alta
Normal,1272,1.47,6,Ninguna,Media,Media
Normal,666,4.12,6,Frio,Media,Baja
Express,1558,1.29,7,Ninguna,Alta,Alta
Normal,473,1.89,8,Ninguna,Baja,Baja
Express,2436,0.88,2,Ninguna,Media,Alta
Normal,1959,4.42,5,Fragil,Alta,Media
Normal,773,4.63,10,Ninguna,Baja,Baja
Normal,1722,1.02,2,Fragil,Baja,Alta
Normal,1226,2.09,12,Ninguna,Alta,Media
Normal,1913,2.51,3,Fragil,Baja,Media
Normal,889,1.43,4,Ninguna,Baja,Media
Normal,589,4.18,4,Ninguna,Baja,Media
Express,786,0.23,7,Ninguna,Alta,Alta
Normal,802,0.98,12,Ninguna,Media,Baja
Normal,590,2.9,6,Fragil,Baja,Baja
Normal,1789,0.13,4,Frio,Baja,Media
Normal,396,4.47,10,Ninguna,Baja,Baja
Normal,651,4.6,9,Ninguna,Baja,Baja
Normal,2095,3.35,6,Ninguna,Alta,Baja
Express,1304,0.92,3,Ninguna,Alta,Alta
Normal,604,0.19,5,Fragil,Media,Media
Normal,835,2.04,3,Peligroso,Baja,Alta
Normal,506,1.06,7,Ninguna,Baja,Baja
Normal,1983,3.33,6,Fragil,Media,Baja
Normal,1909,1.25,4,Frio,Alta,Alta
Normal,559,2.3,2,Ninguna,Media,Media
Normal,839,0.58,9,Ninguna,Alta,Media
Normal,1325,0.94,7,Fragil,Baja,Media
Normal,2235,0.99,6,Ninguna,Baja,Media
Normal,278,1.65,6,Ninguna,Baja,Media
Express,406,4.09,11,Fragil,Baja,Alta
Normal,2439,1.44,6,Ninguna,Media,Media
Normal,1916,2.6,8,Ninguna,Baja,Baja
Normal,370,1.61,3,Ninguna,Media,Media
Normal,564,3.42,5,Ninguna,Alta,Media
Normal,1093,3.22,12,Fragil,Media,Baja
Normal,2328,0.22,6,Ninguna,Baja,Media
Normal,445,0.76,8,Ninguna,Baja,Baja
Normal,319,4.3,12,Ninguna,Media,Baja
Normal,2252,3.43,10,Ninguna,Media,Baja
Express,362,4.6,10,Frio,Baja,Alta
Normal,2304,3.21,5,Frio,Alta,Media
Normal,2473,3.95,12,Fragil,Baja,Baja
Normal,54,3.33,3,Ninguna,Baja,Media
Normal,655,1.32,11,Ninguna,Alta,Media
Normal,1567,1.22,2,Ninguna,Baja,Media
Normal,1844,4.3,4,Frio,Alta,Media
Express,732,2.86,3,Ninguna,Baja,Alta
Normal,1272,2.14,3,Frio,Baja,Alta
Normal,647,4.42,8,Ninguna,Baja,Baja
Normal,1097,3.38,9,Ninguna,Baja,Baja
Normal,2174,2.43,5,Peligroso,Baja,Alta
Express,1326,2.41,7,Fragil,Baja,Alta
Normal,1919,3.47,5,Ninguna,Baja,Media
Normal,2225,4.79,10,Fragil,Baja,Baja
Normal,66,4.38,4,Peligroso,Baja,Alta
Normal,1547,1.09,7,Ninguna,Baja,Media
Express,2197,0.9,11,Ninguna,Media,Alta
Normal,1065,1.74,10,Peligroso,Media,Alta
Normal,2334,2.46,5,Ninguna,Media,Media
Normal,893,2.61,8,Ninguna,Baja,Baja
Normal,1150,1.32,4,Peligroso,Baja,Alta
Normal,1765,0.57,8,Peligroso,Media,Alta
Normal,1670,2.37,3,Ninguna,Media,Media
Normal,418,3.43,6,Ninguna,Media,Baja
Normal,617,2.75,10,Ninguna,Alta,Baja
Normal,1605,2.83,3,Ninguna,Alta,Media
Normal,679,4.48,6,Ninguna,Media,Baja
Normal,2264,0.4,2,Ninguna,Media,Media
Normal,2490,4.73,5,Frio,Alta,Media
Normal,1169,3.97,12,Peligroso,Baja,Alta
Normal,812,1.84,7,Frio,Media,Media
Normal,866,0.43,7,Peligroso,Media,Alta
Normal,1315,3.12,8,Frio,Baja,Baja
Express,1907,2.55,6,Ninguna,Media,Alta
Normal,115,3.43,3,Ninguna,Baja,Media
Normal,1705,3.81,8,Frio,Baja,Baja
Normal,2346,2.48,11,Peligroso,Baja,Alta
Express,111,3.07,12,Frio,Media,Alta
Normal,2357,0.27,3,Peligroso,Baja,Alta
Express,991,1.06,4,Frio,Baja,Alta
Normal,859,0.33,9,Fragil,Baja,Media
Normal,381,0.2,12,Frio,Alta,Alta
Normal,2431,2.43,6,Peligroso,Media,Alta
Normal,1459,1.26,7,Ninguna,Baja,Baja
Normal,1927,4.97,5,Ninguna,Media,Media
Normal,1577,1.23,9,Fragil,Media,Media
Normal,1425,2.64,8,Ninguna,Alta,Baja
Express,1627,4.04,3,Fragil,Baja,Alta
Normal,2372,4.52,10,Ninguna,Alta,Baja
Normal,2037,1.34,6,Ninguna,Media,Media
Normal,1240,2.49,8,Peligroso,Media,Alta
Express,1260,3.34,8,Fragil,Baja,Alta
Normal,1831,3.84,8,Ninguna,Alta,Baja
Normal,1382,3.73,3,Frio,Baja,Media
Normal,2339,4.22,12,Peligroso,Media,Alta
Normal,933,1.8,11,Ninguna,Baja,Baja
Normal,14,0.34,5,Fragil,Media,Media
Normal,1817,1.82,4,Ninguna,Media,Media
Normal,2476,4.56,5,Ninguna,Media,Media
Normal,194,1.53,2,Ninguna,Alta,Alta
Normal,2047,2.62,12,Peligroso,Baja,Alta
Normal,2279,4.86,3,Ninguna,Media,Media
Normal,1098,0.65,11,Ninguna,Baja,Baja
Normal,1913,1.37,5,Peligroso,Baja,Alta
Express,1532,4.16,5,Ninguna,Baja,Alta
Normal,323,1.17,8,Ninguna,Baja,Baja
Normal,1025,4.61,10,Peligroso,Alta,Alta
Normal,1082,4.82,7,Peligroso,Media,Alta
Normal,2370,4.25,2,Ninguna,Baja,Media
Normal,2227,1.73,2,Ninguna,Alta,Alta
Express,903,1.49,4,Ninguna,Baja,Alta
Normal,2113,1.31,2,Peligroso,Media,Alta
Normal,1288,0.71,6,Ninguna,Baja,Media
Normal,645,1.65,7,Fragil,Alta,Alta
Normal,1771,0.12,5,Ninguna,Baja,Media
Express,1834,0.27,2,Peligroso,Baja,Alta
Normal,271,2.61,12,Peligroso,Media,Alta
Normal,2238,1.06,7,Ninguna,Media,Media
Normal,2334,0.6,8,Fragil,Alta,Alta
Normal,768,2.56,2,Ninguna,Media,Media
Normal,1359,3.38,11,Peligroso,Baja,Alta
Normal,885,0.2,11,Ninguna,Baja,Baja
Normal,1494,0.31,9,Fragil,Media,Media
Normal,2492,3.99,2,Fragil,Baja,Media
Normal,871,4.59,3,Ninguna,Media,Media
Normal,1269,3.91,9,Peligroso,Baja,Alta
Normal,2162,2.92,5,Ninguna,Baja,Media
Express,1972,1.32,4,Fragil,Baja,Alta
Normal,2099,0.29,4,Ninguna,Media,Media
Express,784,0.88,8,Ninguna,Media,Alta
Express,1820,2.43,10,Ninguna,Baja,Alta
Normal,772,2.34,11,Fragil,Media,Media
Normal,2154,0.49,6,Ninguna,Baja,Media
Express,66,1.7,2,Ninguna,Alta,Alta
Normal,665,0.21,12,Ninguna,Baja,Baja
Normal,420,1.69,5,Frio,Media,Media
Normal,338,1.66,4,Peligroso,Alta,Alta
Normal,1856,4.1,2,Ninguna,Alta,Media
Normal,652,1.17,5,Ninguna,Baja,Media
Normal,1641,3.46,3,Frio,Media,Media
Express,372,3.99,12,Ninguna,Media,Alta
Normal,759,2.56,3,Fragil,Baja,Media
Normal,760,2.56,5,Peligroso,Baja,Alta
Express,430,4.5,9,Ninguna,Media,Alta
Express,1243,4.57,11,Fragil,Baja,Alta
Normal,1349,4.38,11,Ninguna,Baja,Baja
Normal,2163,2.96,7,Peligroso,Baja,Alta
Normal,1015,4.0,12,Ninguna,Media,Baja
Express,794,1.76,2,Ninguna,Alta,Alta
Express,1813,0.61,8,Peligroso,Baja,Alta
Normal,561,3.89,4,Peligroso,Baja,Alta
Express,2383,3.16,10,Ninguna,Media,Alta
Normal,1087,2.12,5,Fragil,Baja,Media
Normal,2497,1.74,6,Ninguna,Media,Media
Normal,1919,2.08,6,Fragil,Baja,Media
Normal,2446,4.33,9,Peligroso,Baja,Alta
Normal,633,0.86,2,Peligroso,Baja,Alta
Normal,2241,2.35,5,Ninguna,Media,Media
Normal,451,2.75,2,Fragil,Baja,Media
Express,866,3.88,7,Peligroso,Baja,Alta
Normal,1794,4.0,12,Ninguna,Baja,Baja
Normal,1185,1.09,8,Ninguna,Media,Baja
Normal,1601,3.42,6,Ninguna,Baja,Baja
Normal,2187,3.4,5,Frio,Baja,Media
Normal,2161,2.14,6,Ninguna,Media,Media
Normal,1962,1.34,12,Fragil,Media,Media
Normal,1752,4.0,3,Ninguna,Baja,Media
Express,2115,2.87,12,Ninguna,Baja,Alta
Normal,1561,1.65,9,Frio,Media,Media
Express,232,0.33,9,Peligroso,Alta,Alta
Normal,347,0.42,7,Frio,Baja,Media
Express,124,2.46,6,Fragil,Media,Alta
Normal,585,2.41,3,Ninguna,Media,Media
Normal,1877,3.79,11,Ninguna,Media,Baja
Normal,1235,1.17,5,Peligroso,Alta,Alta
Normal,1463,1.74,8,Ninguna,Baja,Baja
Express,1094,2.52,7,Ninguna,Media,Alta
Normal,1386,0.98,10,Frio,Baja,Media
Normal,2491,3.34,6,Ninguna,Baja,Baja
Normal,432,1.69,7,Fragil,Alta,Alta
Normal,1661,3.32,2,Ninguna,Media,Media
Normal,1772,0.16,12,Ninguna,Alta,Media
Normal,534,0.63,10,Frio,Media,Media
Normal,1199,2.02,11,Ninguna,Baja,Baja
Normal,654,0.67,10,Ninguna,Alta,Media
Express,998,4.81,6,Ninguna,Media,Alta
Normal,571,2.69,8,Fragil,Baja,Baja
Express,761,2.49,6,Ninguna,Baja,Alta
Normal,432,0.4,2,Ninguna,Baja,Media
Normal,772,3.03,7,Frio,Baja,Baja
Normal,1915,1.69,6,Ninguna,Alta,Media
Normal,1986,1.11,9,Ninguna,Alta,Media
Normal,813,3.96,8,Ninguna,Baja,Baja
Express,1445,2.26,3,Peligroso,Baja,Alta
Express,2494,1.34,10,Fragil,Baja,Alta
Normal,770,3.27,6,Ninguna,Alta,Baja
Normal,397,3.77,10,Fragil,Media,Baja
Express,1088,1.62,6,Fragil,Baja,Alta
Express,752,3.85,5,Ninguna,Alta,Alta
Normal,320,2.72,2,Ninguna,Media,Media
Normal,1062,3.05,8,Ninguna,Baja,Baja
Normal,720,3.17,8,Frio,Alta,Baja
Normal,637,1.0,11,Frio,Baja,Media
Normal,553,4.99,6,Ninguna,Media,Baja
Normal,467,2.14,11,Ninguna,Media,Baja
Normal,2342,4.81,11,Ninguna,Baja,Baja
Normal,323,0.44,11,Ninguna,Baja,Baja
Express,897,2.49,8,Frio,Baja,Alta
Normal,92,2.59,11,Frio,Baja,Baja
Normal,1357,0.63,8,Fragil,Baja,Media
Normal,1262,2.85,8,Ninguna,Baja,Baja
Normal,481,1.73,8,Peligroso,Alta,Alta
Normal,1256,4.71,7,Ninguna,Media,Baja
Normal,865,3.3,6,Peligroso,Baja,Alta
Normal,59,1.31,2,Frio,Baja,Alta
Normal,641,2.53,12,Ninguna,Baja,Baja
Normal,970,0.81,10,Ninguna,Alta,Media
Normal,29,0.59,6,Ninguna,Baja,Media
Normal,1928,1.84,2,Peligroso,Baja,Alta
Normal,1546,3.03,5,Peligroso,Baja,Alta
Express,1595,3.8,7,Peligroso,Baja,Alta
Express,1916,4.38,5,Peligroso,Media,Alta
Normal,1024,1.33,4,Ninguna,Baja,Media
Express,2255,3.15,8,Ninguna,Media,Alta
Normal,363,2.92,11,Ninguna,Media,Baja
Normal,65,3.46,7,Ninguna,Alta,Baja
Normal,1923,2.01,7,Peligroso,Media,Alta
Normal,1348,2.53,9,Fragil,Media,Baja
Normal,1505,4.77,9,Ninguna,Alta,Baja
Normal,1644,1.97,3,Frio,Baja,Alta
Express,947,1.36,9,Fragil,Baja,Alta
Normal,2465,2.98,4,Peligroso,Media,Alta
Normal,1428,3.54,9,Peligroso,Baja,Alta
Normal,2366,1.72,12,Fragil,Media,Media
Normal,46,0.48,10,Ninguna,Baja,Baja
Normal,1002,4.71,12,Frio,Media,Baja
Normal,2365,0.42,8,Ninguna,Alta,Media
Normal,2346,1.25,6,Ninguna,Media,Media
Normal,1552,0.94,8,Ninguna,Alta,Media
Normal,2249,2.86,2,Frio,Baja,Media
Normal,2070,4.75,11,Ninguna,Alta,Baja
Normal,1949,4.37,4,Ninguna,Alta,Media
Normal,1116,2.26,6,Peligroso,Media,Alta
Normal,1041,1.89,11,Fragil,Alta,Alta
Normal,1137,2.25,11,Peligroso,Baja,Alta
Express,451,3.38,11,Peligroso,Alta,Alta
Normal,1197,2.07,3,Peligroso,Baja,Alta
Express,335,4.62,5,Fragil,Media,Alta
Express,710,3.97,10,Ninguna,Baja,Alta
Normal,1168,2.78,5,Ninguna,Baja,Media
Normal,798,3.71,4,Ninguna,Baja,Media
Normal,2260,3.73,3,Fragil,Media,Media
Express,1683,3.85,9,Ninguna,Baja,Alta
Normal,196,3.17,2,Ninguna,Baja,Media
Express,266,2.73,2,Ninguna,Media,Alta
Express,1017,3.89,11,Ninguna,Baja,Alta
Normal,621,1.48,10,Ninguna,Alta,Media
Normal,982,2.27,7,Ninguna,Media,Baja
Express,1617,1.36,6,Peligroso,Media,Alta
Normal,932,0.83,11,Ninguna,Alta,Media
Normal,1874,3.01,11,Ninguna,Baja,Baja
Normal,1018,3.67,5,Ninguna,Alta,Media
Normal,943,4.43,6,Ninguna,Media,Baja
Normal,42,1.12,9,Ninguna,Media,Baja
Normal,64,4.98,2,Ninguna,Media,Media
Normal,2322,4.88,10,Frio,Baja,Baja
Normal,1358,3.27,11,Peligroso,Baja,Alta
Normal,658,1.12,10,Ninguna,Alta,Media
Normal,239,0.86,4,Peligroso,Baja,Alta
Normal,2242,3.14,10,Ninguna,Alta,Baja
Normal,2359,3.41,7,Fragil,Baja,Baja
Normal,1065,1.95,12,Ninguna,Media,Baja
Normal,1639,1.49,5,Frio,Baja,Media
Express,1825,2.55,11,Fragil,Alta,Alta
Express,1019,0.88,10,Ninguna,Baja,Alta
Normal,1221,1.05,10,Ninguna,Media,Baja
Express,864,1.31,10,Peligroso,Baja,Alta
Normal,860,0.97,10,Ninguna,Media,Baja
Normal,52,4.05,11,Ninguna,Baja,Baja
Normal,326,3.03,2,Ninguna,Baja,Media
Normal,1686,4.33,4,Ninguna,Media,Media
Normal,1905,2.01,8,Ninguna,Baja,Media
Normal,2265,2.82,2,Ninguna,Baja,Media
Normal,1930,1.72,7,Ninguna,Alta,Media
Normal,196,2.25,12,Frio,Alta,Alta
Normal,2070,4.91,2,Ninguna,Alta,Media
Normal,1070,4.45,5,Ninguna,Baja,Media
Normal,1043,0.3,9,Frio,Baja,Media
Normal,866,0.11,10,Fragil,Alta,Alta
Normal,168,2.7,9,Ninguna,Baja,Baja
Normal,101,1.41,11,Ninguna,Baja,Baja
Normal,1524,0.85,3,Fragil,Baja,Alta
Express,2004,0.53,11,Peligroso,Alta,Alta
Express,314,4.53,7,Ninguna,Media,Alta
Normal,1334,0.68,4,Ninguna,Media,Media
Normal,224,2.88,10,Peligroso,Media,Alta
Normal,1370,3.33,9,Ninguna,Baja,Baja
Normal,456,2.14,5,Ninguna,Baja,Media
Normal,109,0.48,10,Ninguna,Media,Baja
Express,880,1.99,2,Peligroso,Media,Alta
Normal,946,4.46,9,Fragil,Media,Baja
Normal,1447,2.04,11,Fragil,Media,Media
Normal,1314,4.13,8,Ninguna,Alta,Baja
Normal,98,2.46,8,Frio,Alta,Alta
Normal,613,0.96,12,Ninguna,Baja,Baja
Express,222,2.26,11,Ninguna,Baja,Alta
Normal,421,1.17,2,Ninguna,Media,Media
Normal,1343,2.2,3,Ninguna,Baja,Media
Normal,577,1.67,8,Fragil,Media,Media
Normal,1284,3.49,9,Ninguna,Baja,Baja
Normal,1304,0.25,11,Ninguna,Baja,Baja
Express,2321,0.61,2,Frio,Baja,Alta
Normal,867,4.83,6,Ninguna,Baja,Baja
Normal,1580,1.56,5,Ninguna,Media,Media
Normal,194,2.86,2,Ninguna,Media,Media
Normal,2009,0.26,10,Frio,Media,Media
Express,2409,3.74,10,Ninguna,Baja,Alta
Express,247,2.95,4,Ninguna,Baja,Alta
Normal,827,0.67,9,Frio,Media,Media
Normal,188,2.03,11,Ninguna,Alta,Media
Normal,221,1.01,8,Ninguna,Media,Baja
Normal,2188,0.22,8,Ninguna,Baja,Media
Normal,798,3.64,2,Ninguna,Alta,Media
Normal,632,1.24,2,Peligroso,Baja,Alta
Express,835,1.85,10,Peligroso,Media,Alta
Normal,44,2.97,2,Ninguna,Baja,Media
Express,1979,3.32,9,Fragil,Baja,Alta
Normal,366,2.07,12,Peligroso,Baja,Alta
Normal,1941,2.02,12,Ninguna,Media,Media
Normal,1538,1.46,5,Peligroso,Alta,Alta
Normal,2376,4.17,12,Peligroso,Baja,Alta
Normal,1244,4.43,6,Peligroso,Baja,Alta
Normal,202,1.24,7,Ninguna,Baja,Baja
Express,619,4.98,2,Ninguna,Media,Alta
Normal,859,2.09,4,Fragil,Alta,Alta
Normal,2122,2.4,3,Ninguna,Baja,Media
Normal,2482,0.4,8,Ninguna,Alta,Media
Normal,1990,0.6,10,Ninguna,Media,Media
Express,1744,3.42,10,Peligroso,Media,Alta
Normal,624,2.57,8,Peligroso,Alta,Alta
Express,2119,4.46,6,Peligroso,Baja,Alta
Normal,53,4.39,10,Ninguna,Baja,Baja
Normal,890,4.69,11,Ninguna,Baja,Baja
Normal,607,3.38,8,Peligroso,Baja,Alta
Normal,1209,1.08,7,Ninguna,Baja,Baja
Normal,474,4.68,11,Fragil,Baja,Baja
Normal,1987,1.03,3,Ninguna,Media,Media
Normal,2474,3.44,10,Ninguna,Media,Baja
Express,653,4.3,6,Ninguna,Media,Alta
Normal,2394,4.44,4,Frio,Baja,Media
Normal,787,3.76,10,Ninguna,Media,Baja
Express,2420,4.36,10,Ninguna,Baja,Alta
Normal,2109,0.41,2,Peligroso,Baja,Alta
Normal,1212,2.27,5,Fragil,Media,Media
Normal,2149,4.65,6,Ninguna,Media,Baja
Normal,1329,1.88,6,Ninguna,Media,Media
Normal,1281,3.41,5,Ninguna,Media,Media
Normal,1036,3.62,11,Ninguna,Media,Baja
Normal,1865,3.72,12,Fragil,Alta,Baja
Normal,2375,0.95,3,Frio,Alta,Alta
Normal,1784,0.15,8,Fragil,Baja,Media
Express,96,1.72,4,Fragil,Baja,Alta
Normal,1243,2.2,11,Frio,Alta,Alta
Normal,1391,0.47,8,Ninguna,Alta,Media
Normal,1237,3.55,5,Ninguna,Baja,Media
Normal,1301,2.32,10,Ninguna,Baja,Baja
Normal,638,2.38,3,Ninguna,Media,Media
Normal,2325,2.69,12,Ninguna,Media,Baja
Normal,2304,4.84,4,Ninguna,Alta,Media
Normal,473,3.08,3,Ninguna,Baja,Media
Express,2472,1.06,4,Frio,Baja,Alta
Normal,1609,1.49,10,Frio,Media,Media
Normal,1832,1.31,2,Peligroso,Baja,Alta
Normal,140,3.7,6,Peligroso,Media,Alta
Normal,2244,3.33,3,Frio,Baja,Media
Express,766,4.57,9,Frio,Media,Alta
Normal,1505,1.97,11,Ninguna,Media,Media
Normal,2265,1.54,4,Frio,Baja,Media
Express,548,1.55,4,Ninguna,Media,Alta
Normal,706,3.36,11,Frio,Baja,Baja
Express,1947,4.77,4,Ninguna,Baja,Alta
Normal,405,2.15,3,Ninguna,Media,Media
Normal,446,1.01,3,Ninguna,Baja,Media
Normal,1156,1.36,11,Fragil,Alta,Alta
Normal,1465,2.59,7,Fragil,Baja,Baja
Normal,1199,0.42,10,Ninguna,Media,Baja
Normal,2139,1.31,5,Peligroso,Media,Alta
Express,1042,2.42,8,Ninguna,Alta,Alta
Normal,17,3.93,10,Peligroso,Media,Alta
Normal,1998,4.52,8,Ninguna,Alta,Baja
Normal,163,3.24,12,Frio,Media,Baja
Normal,1159,1.78,2,Ninguna,Media,Media
Normal,2455,0.76,8,Ninguna,Baja,Media
Normal,1376,3.42,8,Frio,Baja,Baja
Normal,1810,0.32,7,Ninguna,Baja,Media
Normal,852,2.33,2,Peligroso,Media,Alta
Normal,1206,3.97,3,Ninguna,Media,Media
Normal,131,3.91,11,Peligroso,Media,Alta
Normal,2497,1.95,5,Peligroso,Baja,Alta
Express,1547,0.71,3,Ninguna,Media,Alta
Normal,145,3.95,6,Fragil,Baja,Baja
Express,2144,0.17,2,Ninguna,Media,Alta
Normal,400,4.6,2,Ninguna,Baja,Media
Express,2214,1.24,2,Ninguna,Baja,Alta
Normal,1225,2.95,7,Ninguna,Baja,Baja
Normal,407,3.67,3,Fragil,Media,Media
Normal,1966,4.27,3,Ninguna,Media,Media
Normal,631,0.92,7,Ninguna,Alta,Media
Normal,2226,4.06,10,Frio,Media,Baja
Normal,2224,0.37,10,Ninguna,Baja,Media
Normal,1724,1.86,12,Peligroso,Alta,Alta
Normal,1660,0.13,11,Frio,Baja,Media
Normal,396,3.36,5,Frio,Baja,Media
Normal,259,1.38,11,Ninguna,Baja,Baja
Express,963,4.23,9,Frio,Baja,Alta
Normal,1322,2.32,7,Fragil,Baja,Media
Normal,1670,2.47,8,Ninguna,Alta,Media
Normal,1130,3.63,10,Ninguna,Alta,Baja
Express,43,4.91,12,Peligroso,Baja,Alta
Normal,1435,0.97,3,Ninguna,Media,Media
Normal,335,4.32,9,Frio,Baja,Baja
Normal,1200,4.13,2,Fragil,Media,Media
Normal,2172,3.51,9,Ninguna,Media,Baja
Normal,952,2.76,4,Peligroso,Media,Alta
Normal,2024,0.23,7,Peligroso,Media,Alta
Normal,782,2.88,3,Ninguna,Baja,Media
Normal,2203,0.14,9,Frio,Media,Media
Normal,786,4.9,2,Ninguna,Baja,Media
Normal,2491,4.73,9,Frio,Baja,Baja
Normal,550,4.27,10,Ninguna,Media,Baja
Normal,1645,1.37,5,Ninguna,Baja,Media
Express,924,0.61,11,Ninguna,Alta,Alta
Normal,1593,3.08,5,Ninguna,Media,Media
Express,960,1.33,9,Fragil,Baja,Alta
Normal,1800,4.08,4,Peligroso,Media,Alta
Express,9,0.98,4,Ninguna,Baja,Alta
Express,292,2.44,7,Frio,Baja,Alta
Normal,417,1.3,6,Ninguna,Baja,Media
Normal,1748,2.92,9,Frio,Media,Baja
Express,1492,1.57,2,Ninguna,Alta,Alta
Normal,1198,2.65,4,Ninguna,Media,Media
Normal,1416,2.27,11,Ninguna,Alta,Media
Normal,2413,4.03,6,Ninguna,Baja,Baja
Normal,2047,0.34,4,Ninguna,Baja,Media
Normal,1140,0.39,8,Fragil,Baja,Media
Normal,345,3.0,9,Peligroso,Media,Alta
Normal,2436,4.21,4,Frio,Media,Media
Normal,2051,1.38,5,Ninguna,Baja,Media
Normal,229,1.85,3,Peligroso,Baja,Alta
Normal,890,1.68,9,Fragil,Baja,Media
Express,517,0.15,8,Fragil,Alta,Alta
Express,1572,3.22,7,Ninguna,Baja,Alta
Normal,669,1.33,10,Ninguna,Baja,Baja
Normal,516,4.23,10,Ninguna,Baja,Baja
Normal,2376,2.82,8,Ninguna,Media,Baja
Normal,611,0.29,2,Fragil,Media,Alta
Normal,575,3.36,2,Ninguna,Baja,Media
Normal,1999,3.71,9,Ninguna,Baja,Baja
Express,1755,2.42,3,Peligroso,Media,Alta
Normal,309,2.45,4,Ninguna,Alta,Media
Express,2489,4.69,7,Ninguna,Media,Alta
Normal,2408,4.1,3,Frio,Baja,Media
Normal,1875,1.55,4,Fragil,Baja,Media
Normal,899,3.32,6,Ninguna,Baja,Baja
Express,2267,4.62,12,Ninguna,Media,Alta
Normal,118,4.42,10,Ninguna,Baja,Baja
Normal,1199,1.09,7,Ninguna,Baja,Baja
Normal,80,0.79,4,Ninguna,Baja,Media
Express,193,1.89,5,Ninguna,Baja,Alta
Express,1963,3.22,2,Peligroso,Alta,Alta
Normal,257,1.72,6,Ninguna,Media,Media
Normal,1310,1.71,7,Ninguna,Baja,Baja
Normal,57,1.28,4,Ninguna,Media,Media
Express,2323,4.17,9,Ninguna,Alta,Alta
Normal,513,2.21,5,Ninguna,Baja,Media
Express,2082,2.87,10,Frio,Baja,Alta
Express,1475,0.24,4,Ninguna,Alta,Alta
Normal,2439,1.69,9,Fragil,Baja,Media
Normal,337,4.39,3,Peligroso,Baja,Alta
Normal,1950,1.99,7,Ninguna,Media,Media
Normal,135,4.55,7,Peligroso,Media,Alta
Express,1447,4.31,11,Frio,Media,Alta
Normal,507,4.71,9,Frio,Baja,Baja
Express,1534,4.8,9,Ninguna,Alta,Alta
Normal,1969,4.18,6,Ninguna,Alta,Baja
Express,805,4.34,8,Ninguna,Alta,Alta
Normal,1107,4.64,3,Fragil,Media,Media
Normal,1887,3.71,5,Frio,Alta,Media
Express,1681,3.12,8,Ninguna,Media,Alta
Express,2135,1.6,6,Ninguna,Alta,Alta
Normal,130,2.69,2,Frio,Alta,Media
Express,194,3.82,12,Frio,Media,Alta
Normal,1716,0.89,7,Ninguna,Baja,Media
Normal,2152,1.92,10,Peligroso,Baja,Alta
Normal,141,1.65,9,Fragil,Baja,Media
Normal,1420,0.52,7,Ninguna,Media,Baja
Normal,426,3.31,5,Peligroso,Baja,Alta
Express,242,1.34,12,Ninguna,Media,Alta
Normal,1647,3.99,3,Frio,Alta,Media
Normal,730,4.08,8,Peligroso,Media,Alta
Normal,1921,0.27,8,Peligroso,Alta,Alta
Normal,1728,0.12,4,Fragil,Baja,Media
Express,1434,1.03,5,Ninguna,Media,Alta
Normal,1456,2.8,4,Ninguna,Baja,Media
Normal,490,0.69,6,Ninguna,Baja,Media
Normal,509,0.92,4,Fragil,Media,Media
Normal,1264,4.78,11,Ninguna,Media,Baja
Normal,1091,0.97,8,Ninguna,Baja,Baja
Express,994,2.39,5,Ninguna,Baja,Alta
Normal,1813,4.14,2,Ninguna,Baja,Media
Normal,481,2.07,5,Fragil,Media,Media
Normal,641,3.9,12,Fragil,Baja,Baja
Normal,756,3.84,2,Ninguna,Media,Media
Normal,10,4.45,2,Ninguna,Baja,Media
Normal,1373,3.79,7,Ninguna,Baja,Baja
Normal,1445,3.37,8,Ninguna,Alta,Baja
Express,2394,3.49,10,Frio,Baja,Alta
Normal,1258,0.86,8,Ninguna,Baja,Baja
Normal,314,1.59,10,Ninguna,Baja,Baja
Express,1979,0.98,10,Ninguna,Alta,Alta
Normal,1078,4.09,12,Peligroso,Baja,Alta
Normal,1085,1.2,5,Peligroso,Baja,Alta
Express,1287,3.56,9,Fragil,Baja,Alta
Normal,1568,2.61,7,Fragil,Media,Baja
Normal,387,1.74,6,Peligroso,Media,Alta
Normal,78,3.77,7,Peligroso,Alta,Alta
Normal,122,0.86,3,Ninguna,Alta,Alta
Normal,1323,0.63,3,Ninguna,Baja,Media
Normal,266,1.83,7,Ninguna,Baja,Baja
Normal,1431,1.25,6,Ninguna,Media,Media
Normal,498,3.32,4,Ninguna,Media,Media
Normal,1003,2.71,6,Ninguna,Media,Baja
Normal,1289,1.87,8,Peligroso,Baja,Alta
Normal,2004,4.82,6,Ninguna,Baja,Baja
Normal,1522,2.53,5,Ninguna,Media,Media
Normal,449,4.63,8,Ninguna,Baja,Baja
Normal,401,2.44,4,Frio,Media,Media
Normal,951,3.86,6,Peligroso,Baja,Alta
Normal,1011,2.04,4,Ninguna,Baja,Media
Normal,603,4.0,7,Frio,Media,Baja
Normal,1949,1.61,5,Ninguna,Media,Media
Normal,795,3.03,12,Peligroso,Baja,Alta
Normal,705,0.39,5,Frio,Media,Media
Normal,915,0.5,3,Frio,Media,Alta
Express,1630,4.33,7,Ninguna,Baja,Alta
Express,2166,4.56,12,Fragil,Media,Alta
Normal,74,0.53,2,Fragil,Baja,Alta
Normal,801,2.93,5,Ninguna,Baja,Media
Express,845,2.1,6,Ninguna,Baja,Alta
Normal,2018,0.99,8,Ninguna,Media,Media
Express,1766,3.19,5,Fragil,Baja,Alta
Normal,622,2.35,7,Fragil,Baja,Media
Normal,209,2.53,10,Ninguna,Baja,Baja
Normal,2389,3.02,5,Ninguna,Baja,Media
Normal,2124,2.71,2,Ninguna,Media,Media
Normal,1793,1.12,10,Frio,Baja,Media
Express,2083,1.05,12,Peligroso,Baja,Alta
Normal,2494,3.05,6,Ninguna,Baja,Baja
Normal,1373,3.35,6,Ninguna,Media,Baja
Normal,704,3.68,12,Frio,Baja,Baja
Normal,2009,0.89,3,Peligroso,Media,Alta
Normal,2152,0.53,12,Ninguna,Baja,Media
Normal,1143,1.27,10,Ninguna,Media,Baja
Normal,1366,0.2,3,Ninguna,Baja,Media
Normal,694,0.17,7,Peligroso,Media,Alta
Normal,1380,1.67,11,Ninguna,Baja,Baja
Normal,1675,3.55,6,Fragil,Media,Baja
Normal,1844,3.73,9,Fragil,Baja,Baja
Normal,376,4.13,5,Ninguna,Alta,Media
Normal,55,1.2,4,Peligroso,Alta,Alta
Normal,2154,1.16,3,Ninguna,Baja,Media
Express,2167,3.06,5,Fragil,Baja,Alta
Normal,533,0.36,6,Ninguna,Baja,Media
Normal,2169,4.18,7,Ninguna,Alta,Baja
Normal,1387,1.46,6,Ninguna,Media,Media
Normal,1787,2.03,5,Ninguna,Baja,Media
Normal,2053,4.9,2,Ninguna,Alta,Media
Express,853,1.82,3,Fragil,Alta,Alta
Normal,1432,1.33,10,Peligroso,Media,Alta
Normal,1994,0.94,7,Ninguna,Baja,Media
Normal,887,2.23,11,Frio,Alta,Alta
Express,2450,1.27,12,Ninguna,Baja,Alta
Normal,1931,0.39,7,Peligroso,Baja,Alta
Normal,1044,2.75,7,Ninguna,Alta,Baja
Normal,1596,2.83,10,Ninguna,Baja,Baja
Normal,50,4.17,2,Fragil,Media,Media
Normal,937,0.88,5,Peligroso,Baja,Alta
Normal,1614,1.14,8,Ninguna,Media,Media
Normal,2032,4.51,7,Peligroso,Baja,Alta
Normal,39,3.09,7,Ninguna,Baja,Baja
Normal,2173,4.22,8,Ninguna,Alta,Baja
Normal,2257,4.88,2,Ninguna,Media,Media
Express,2244,2.56,11,Ninguna,Baja,Alta
Normal,1687,0.21,6,Fragil,Baja,Media
Normal,336,0.57,2,Ninguna,Media,Media
Normal,1460,3.73,5,Ninguna,Baja,Media
Normal,1925,3.82,12,Ninguna,Alta,Baja
Normal,1208,4.92,4,Frio,Baja,Media
Normal,433,1.82,4,Peligroso,Media,Alta
Express,1229,0.8,2,Ninguna,Media,Alta
Normal,877,0.75,6,Fragil,Alta,Alta
Normal,517,3.88,5,Ninguna,Baja,Media
Express,2156,4.36,8,Ninguna,Baja,Alta
Normal,2092,4.95,7,Peligroso,Baja,Alta
Normal,1110,2.66,9,Frio,Media,Baja
Normal,240,0.11,2,Frio,Media,Alta
Express,232,1.8,2,Peligroso,Alta,Alta
Normal,1297,2.59,5,Ninguna,Baja,Media
Express,1547,4.44,12,Ninguna,Baja,Alta
Express,187,0.34,6,Ninguna,Media,Alta
Normal,1567,1.04,5,Ninguna,Baja,Media
Normal,823,0.59,4,Frio,Baja,Media
Normal,1998,2.34,10,Ninguna,Baja,Media
Normal,1519,2.17,9,Frio,Alta,Alta
Normal,1923,0.8,3,Ninguna,Baja,Media
Normal,2453,0.14,11,Frio,Media,Media
Normal,1788,2.09,10,Ninguna,Alta,Media
Normal,1627,4.38,9,Fragil,Alta,Baja
Normal,1124,3.82,3,Ninguna,Baja,Media
Normal,486,0.73,4,Peligroso,Baja,Alta
Express,859,0.88,4,Ninguna,Baja,Alta
Normal,542,3.76,7,Frio,Baja,Baja
Normal,41,4.28,2,Peligroso,Baja,Alta
Normal,2052,1.29,4,Ninguna,Alta,Media
Normal,2334,3.09,8,Fragil,Media,Baja
Normal,2023,1.31,4,Ninguna,Media,Media
Normal,1618,2.2,10,Ninguna,Baja,Media
Normal,2208,3.42,4,Frio,Baja,Media
Express,702,0.81,12,Fragil,Baja,Alta
Normal,1897,2.63,6,Ninguna,Media,Baja
Normal,2124,2.14,12,Fragil,Alta,Alta
Normal,2343,0.26,11,Ninguna,Alta,Media
Normal,1520,2.64,7,Ninguna,Media,Baja
Normal,1936,4.21,4,Ninguna,Baja,Media
Normal,1103,3.38,4,Ninguna,Media,Media
Normal,939,4.16,11,Ninguna,Baja,Baja
Normal,1507,3.33,9,Fragil,Baja,Baja
Normal,672,4.69,6,Fragil,Media,Baja
Normal,589,3.24,9,Ninguna,Baja,Baja
Normal,2324,0.74,4,Ninguna,Baja,Media
Normal,1779,4.78,11,Ninguna,Baja,Baja
Express,1746,4.59,3,Ninguna,Baja,Alta
Normal,2384,4.27,6,Frio,Baja,Baja
Normal,1254,4.42,7,Ninguna,Media,Baja
Normal,953,3.15,8,Ninguna,Media,Baja
Normal,1342,1.68,9,Ninguna,Alta,Media
Normal,935,4.7,10,Ninguna,Baja,Baja
Express,1507,0.56,6,Ninguna,Media,Alta
Normal,2288,0.46,3,Ninguna,Media,Media
Normal,1381,2.9,9,Ninguna,Baja,Baja
Express,972,4.21,5,Frio,Baja,Alta
Normal,951,3.49,8,Ninguna,Media,Baja
Normal,88,3.85,9,Ninguna,Baja,Baja
Normal,1249,4.24,9,Ninguna,Baja,Baja
Normal,2449,0.51,2,Ninguna,Baja,Media
Express,1226,2.93,2,Ninguna,Alta,Alta
Normal,1804,4.51,8,Ninguna,Baja,Baja
Express,1577,1.37,5,Peligroso,Media,Alta
Normal,2074,0.67,8,Fragil,Baja,Media
Normal,2437,3.31,2,Ninguna,Baja,Media
Normal,118,0.58,12,Peligroso,Baja,Alta
Normal,55,4.48,5,Peligroso,Baja,Alta
Express,2192,3.36,2,Ninguna,Alta,Alta
Normal,1712,4.6,9,Ninguna,Baja,Baja
Normal,2021,2.16,12,Ninguna,Media,Media
Normal,2404,4.08,3,Peligroso,Media,Alta
Normal,708,2.21,2,Fragil,Baja,Alta
Express,1729,1.7,5,Ninguna,Baja,Alta
Normal,76,4.41,2,Fragil,Baja,Media
Normal,358,2.26,12,Ninguna,Media,Baja
Normal,1891,2.69,3,Ninguna,Media,Media
Normal,1901,0.25,6,Ninguna,Baja,Media
Express,172,2.65,7,Ninguna,Media,Alta
Normal,2017,2.4,6,Frio,Baja,Media
Normal,407,3.27,5,Ninguna,Media,Media
Normal,488,2.13,12,Frio,Baja,Media
Express,1012,2.57,8,Ninguna,Media,Alta
Normal,1845,0.27,9,Peligroso,Baja,Alta
Normal,1074,2.59,10,Frio,Baja,Baja
Normal,1774,4.26,11,Ninguna,Alta,Baja
Express,357,0.26,11,Ninguna,Baja,Alta
Normal,1471,2.38,12,Ninguna,Alta,Media
Normal,28,0.37,9,Peligroso,Media,Alta
Normal,1479,1.05,12,Fragil,Alta,Alta
Normal,2360,0.56,2,Ninguna,Baja,Media
Normal,2099,0.31,10,Ninguna,Baja,Media
Normal,1310,1.69,8,Ninguna,Baja,Baja
Normal,1300,1.42,2,Ninguna,Baja,Media
Normal,2080,1.73,5,Frio,Media,Media
Express,1852,4.75,9,Ninguna,Baja,Alta
Normal,878,1.42,10,Ninguna,Media,Baja
Normal,2350,0.34,5,Ninguna,Media,Media
Normal,1452,3.16,7,Ninguna,Media,Baja
Normal,1433,4.66,9,Frio,Baja,Baja
Normal,182,3.61,12,Ninguna,Media,Baja
Normal,738,3.92,10,Fragil,Media,Baja
Normal,1850,0.26,5,Peligroso,Baja,Alta
Express,1720,3.1,12,Peligroso,Alta,Alta
Normal,1130,0.61,2,Ninguna,Media,Media
Normal,619,3.31,12,Ninguna,Baja,Baja
Normal,2050,3.78,2,Ninguna,Media,Media
Normal,1669,2.6,5,Fragil,Baja,Media
Normal,1547,4.82,3,Frio,Media,Media
Normal,101,1.5,4,Peligroso,Alta,Alta
Normal,928,3.95,6,Ninguna,Media,Baja
Normal,886,3.73,2,Frio,Baja,Media
Normal,1599,2.78,12,Peligroso,Baja,Alta
Normal,331,4.42,2,Fragil,Baja,Media
Normal,1527,2.35,12,Ninguna,Baja,Media
Normal,849,1.27,11,Fragil,Baja,Media
Express,2082,2.4,6,Peligroso,Alta,Alta
Normal,1839,4.87,5,Frio,Media,Media
Normal,1025,0.43,4,Peligroso,Media,Alta
Normal,1461,4.54,8,Fragil,Baja,Baja
Normal,1238,3.98,11,Frio,Baja,Baja
Express,1129,4.44,9,Ninguna,Baja,Alta
Normal,248,4.37,8,Ninguna,Baja,Baja
Normal,1070,2.25,12,Peligroso,Baja,Alta
Normal,779,2.15,6,Ninguna,Baja,Media
Express,312,1.08,7,Ninguna,Baja,Alta
Normal,1142,0.72,9,Ninguna,Media,Baja
Normal,478,3.47,12,Fragil,Alta,Baja
Normal,1759,3.63,7,Ninguna,Media,Baja
Normal,410,2.49,4,Peligroso,Media,Alta
Normal,2011,0.21,4,Ninguna,Baja,Media
Express,2310,4.08,3,Peligroso,Baja,Alta
Normal,1233,0.19,10,Ninguna,Media,Baja
Normal,1420,0.61,8,Ninguna,Baja,Baja
Normal,1229,2.26,2,Frio,Baja,Alta
Normal,1559,4.73,12,Fragil,Media,Baja
Normal,1433,3.46,10,Ninguna,Baja,Baja
Normal,933,3.12,8,Fragil,Baja,Baja
Normal,1982,1.22,2,Ninguna,Media,Media
Normal,705,4.21,4,Frio,Media,Media
Normal,704,3.63,12,Ninguna,Media,Baja
Express,681,1.25,8,Peligroso,Baja,Alta
Normal,1791,0.52,8,Ninguna,Alta,Media
Normal,1062,3.13,8,Ninguna,Media,Baja
Normal,2296,3.47,2,Ninguna,Media,Media
Normal,2405,3.1,7,Fragil,Baja,Baja
Normal,367,4.25,10,Ninguna,Baja,Baja
Express,1144,0.76,8,Peligroso,Media,Alta
Normal,1736,3.36,7,Ninguna,Baja,Baja
Normal,1023,0.43,9,Ninguna,Baja,Baja
Normal,1868,1.24,9,Ninguna,Media,Media
Normal,2472,1.83,2,Ninguna,Alta,Alta
Express,1260,0.1,12,Ninguna,Baja,Alta
Express,699,4.73,10,Fragil,Baja,Alta
Normal,2239,1.66,5,Peligroso,Alta,Alta
Normal,1956,2.1,12,Ninguna,Alta,Media
Normal,1412,0.43,3,Ninguna,Baja,Media
Normal,1572,1.17,7,Peligroso,Baja,Alta
Normal,1055,4.62,8,Ninguna,Media,Baja
Normal,17,3.36,9,Ninguna,Baja,Baja
Express,2490,1.81,11,Fragil,Media,Alta
Normal,1289,0.22,4,Ninguna,Media,Media
Normal,1228,2.17,6,Ninguna,Baja,Media
Express,492,1.07,12,Fragil,Baja,Alta
Express,1443,3.89,9,Ninguna,Alta,Alta
Normal,699,3.64,12,Ninguna,Media,Baja
Normal,235,0.98,10,Peligroso,Alta,Alta
Normal,81,1.9,8,Fragil,Baja,Media
Normal,1670,1.54,11,Ninguna,Media,Media
Normal,1739,2.42,3,Ninguna,Media,Media
Express,1833,4.34,6,Peligroso,Alta,Alta
Express,2123,1.09,7,Frio,Media,Alta
Normal,486,2.72,6,Frio,Media,Baja
Normal,2144,4.08,4,Ninguna,Baja,Media
Normal,1032,4.77,5,Ninguna,Baja,Media
Normal,522,0.81,5,Frio,Baja,Media
Normal,568,1.92,7,Peligroso,Media,Alta
Normal,2438,3.37,2,Peligroso,Baja,Alta
Normal,1445,1.65,2,Peligroso,Alta,Alta
Normal,550,3.46,11,Ninguna,Baja,Baja
Express,2165,0.97,6,Fragil,Alta,Alta
Normal,1985,3.58,6,Ninguna,Media,Baja
Normal,444,0.38,10,Fragil,Media,Media
Express,1146,0.6,7,Ninguna,Baja,Alta
